{
    "validation_metrics": {
        "RMSE": 1.9482147138374581,
        "MAE": 0.8000144958496094,
        "MAPE": 62.377376556396484,
        "WAPE": 44.92660504098977,
        "RMSSE": 0.546138673462588
    },
    "test_metrics": {
        "RMSE": 2.652304557769165,
        "MAE": 1.0500558614730835,
        "MAPE": 61.09300994873047,
        "WAPE": 44.34290768630759,
        "RMSSE": 0.700658515527558
    },
    "best_hyperparameters": {
        "learning_rate": 0.07725378389307355,
        "max_depth": 10,
        "min_child_weight": 15,
        "subsample": 0.9364594334728974,
        "colsample_bytree": 0.8329770563201687,
        "gamma": 1.0616955533913808,
        "reg_alpha": 1.8182496720710062,
        "reg_lambda": 1.8340450985343382
    }
}